106 ,148 ,163 , 35 ,113 ,117 , 36 , 81 ,186 , 86 ,116 , 69 ,114 ,130 , 63 ,108 ,193 ,194 ,103 , 34 , 89 , 49 , 41 ,179 , 80 ,166 ,120 , 40 , 53 ,183 ,122 ,126 ,143 ,198 , 66 , 80 , 98 , 74 ,115 , 10 , 35 , 61 , 25 , 21 , 86 ,195 , 46 ,163 , 25 ,170 ,185 , 85 , 94 , 53 , 93 ,165 , 93 ,147 ,147 ,134 , 70 ,199 ,152 ,  3 ,191 ,146 ,146 ,165 ,131 ,200 , 28 , 88 ,161 , 16 ,127 ,112 ,156 ,151 ,147 ,105 , 70 ,117 , 17 ,156 ,115 ,184 ,  3 , 42 ,158 ,131 ,113 , 81 ,145 ,193 ,180 , 40 ,185 , 90 ,170 , 16
 50 ,142 , 68 , 10 ,128 ,127 ,171 ,136 , 63 ,129 , 44 , 15 , 51 ,194 ,121 , 84 ,161 , 37 , 78 ,126 ,104 , 67 , 37 ,134 ,192 ,187 ,173 , 84 ,  0 , 26 ,174 , 25 ,169 ,162 , 80 ,191 , 67 ,155 ,196 , 50 , 78 , 80 ,191 , 30 ,  5 ,185 ,100 , 86 , 44 ,186 ,159 ,125 , 53 ,115 , 45 ,175 , 99 ,176 ,165 ,108 ,176 ,134 ,158 , 16 ,150 ,183 ,165 ,  2 , 63 ,100 ,126 ,112 , 29 ,176 ,177 , 47 ,134 ,  4 ,193 , 70 ,152 ,150 ,  1 ,159 , 41 ,195 , 78 ,167 ,145 , 34 ,177 ,195 , 81 ,199 ,149 , 53 , 63 ,116 , 44 , 38
175 , 90 ,199 , 38 ,117 ,107 , 66 , 74 , 15 ,195 , 95 ,142 ,103 , 61 ,174 ,176 ,187 ,195 ,137 , 31 ,154 ,198 , 60 ,  5 ,137 , 59 ,119 ,123 ,139 ,192 , 98 , 58 ,137 ,200 ,114 , 49 , 31 ,  9 , 36 ,193 , 60 ,129 , 78 , 86 ,180 ,174 , 75 ,156 , 27 ,164 , 46 , 61 , 49 ,187 , 34 , 41 , 28 , 84 , 76 , 71 , 33 ,108 ,177 , 24 , 31 , 39 , 19 ,108 ,173 , 92 , 73 ,112 , 70 ,133 ,179 , 48 , 98 ,127 , 18 , 65 , 46 ,107 , 95 ,  2 ,122 ,136 ,167 , 42 , 50 , 99 ,105 , 13 , 46 , 30 ,178 ,142 , 85 , 45 ,109 , 88
120 ,179 , 98 , 89 ,121 ,198 ,114 , 53 , 16 , 77 ,145 ,121 , 69 ,199 ,103 , 40 , 37 ,118 ,141 , 43 , 97 , 65 , 36 ,191 ,153 ,  0 ,108 , 24 ,187 ,101 ,192 ,143 , 32 , 39 ,148 , 37 ,183 ,146 ,122 ,113 , 11 , 54 , 81 , 53 ,116 ,158 , 98 ,163 , 15 ,188 ,135 , 42 , 31 , 26 ,101 ,137 , 16 , 83 , 31 ,167 , 22 ,116 ,147 , 15 ,180 , 32 , 94 , 91 ,114 ,111 ,144 ,144 , 58 , 26 ,107 ,192 ,110 ,120 , 27 ,152 , 35 ,182 ,102 ,174 ,192 , 45 , 79 , 47 ,115 , 58 , 90 ,120 ,129 ,  9 ,199 , 78 ,137 ,  3 ,164 ,103
 17 ,130 ,110 ,132 ,147 , 79 , 15 , 92 ,189 ,148 , 25 ,168 , 33 ,195 , 93 ,  4 , 29 ,167 ,139 ,105 ,155 ,120 , 63 , 52 , 66 ,126 , 33 , 38 , 94 , 26 , 43 , 52 , 53 ,128 , 85 ,157 , 58 , 92 , 87 , 42 , 98 , 36 , 70 ,  5 ,166 , 24 ,108 ,108 ,187 ,197 ,121 , 85 ,127 , 53 ,105 ,134 , 31 ,185 , 66 , 25 ,143 ,120 , 11 ,132 ,188 ,113 ,142 , 56 ,  4 ,191 , 91 ,192 , 97 ,191 , 56 ,  1 ,131 ,145 ,139 ,183 ,190 , 47 ,132 , 86 ,191 ,  2 ,  3 , 20 , 17 ,121 , 16 , 60 ,113 , 55 ,167 , 70 ,174 , 89 ,144 , 87
176 , 48 ,168 , 38 , 65 , 64 , 73 ,  2 , 96 ,109 , 95 ,106 ,160 , 96 ,130 ,  5 , 62 ,148 , 25 , 91 , 45 , 34 , 59 ,193 ,148 , 91 , 37 , 40 ,196 ,100 , 75 , 43 , 72 ,189 ,182 , 77 , 92 ,  1 , 92 ,150 ,173 , 80 ,132 ,109 ,163 ,186 ,166 , 85 ,139 , 59 , 30 , 13 ,194 ,  1 ,101 ,194 , 12 , 83 ,137 , 25 ,169 ,124 ,122 , 22 , 83 ,111 ,  6 ,148 , 61 ,194 ,  0 , 56 ,135 , 48 ,113 ,137 , 81 ,143 ,  9 , 13 ,123 , 11 , 48 ,119 ,168 ,151 ,109 , 61 , 90 ,103 ,102 ,157 ,102 , 51 ,100 ,153 ,120 , 97 ,101 ,128
120 ,192 ,  6 , 18 ,127 , 70 , 24 , 17 , 20 ,119 ,101 , 38 ,179 ,160 ,168 , 30 ,101 , 42 , 89 , 89 ,135 , 11 ,101 ,170 ,194 ,133 ,164 , 47 ,186 ,168 , 90 , 27 ,151 , 76 , 54 , 14 ,124 ,165 ,  8 ,158 ,136 , 37 ,136 ,190 , 84 , 30 ,144 ,183 ,103 ,125 ,144 , 72 ,140 ,191 ,194 ,  9 ,126 ,128 ,  5 ,169 ,143 , 42 ,106 , 86 ,186 ,105 , 25 , 49 , 76 , 11 ,180 , 62 , 85 ,141 ,163 ,166 , 93 ,155 ,173 ,113 , 33 , 42 ,123 , 20 ,181 ,188 , 43 ,153 ,197 ,173 ,173 ,164 , 63 ,136 ,195 ,  4 ,185 , 19 ,149 ,184
165 ,132 ,121 ,198 ,101 , 45 ,172 ,150 , 52 ,192 , 91 , 51 ,124 ,182 ,175 ,181 , 91 , 35 ,177 ,112 , 92 ,  5 ,180 ,187 ,140 ,182 , 11 ,180 , 36 ,198 , 69 , 33 , 75 , 74 ,  4 , 51 ,126 , 59 ,  1 ,142 ,197 , 20 , 44 , 14 ,  9 , 50 , 79 , 59 ,159 ,172 ,  9 ,  6 , 41 ,143 , 62 ,141 , 78 , 61 , 11 , 49 , 23 , 90 ,133 , 76 ,149 , 46 ,139 , 82 ,  2 ,170 ,187 ,134 , 87 ,136 ,134 ,  4 , 27 ,  6 ,179 ,102 ,197 , 29 ,199 , 50 ,166 ,178 ,194 ,166 ,133 , 32 ,105 , 81 , 67 , 50 , 65 ,185 , 21 , 55 ,184 ,150
185 ,172 , 77 ,148 ,123 ,162 ,195 ,163 ,152 , 64 ,165 , 13 , 27 ,134 , 36 , 39 , 42 , 19 , 70 ,176 , 93 , 61 ,153 , 32 , 22 , 28 ,194 ,119 , 15 , 14 , 48 ,  9 , 92 ,167 , 68 ,122 ,107 ,162 ,122 ,127 ,157 , 23 ,152 , 90 ,140 , 35 , 80 ,104 ,152 ,175 , 81 , 57 ,176 , 37 , 23 ,162 , 29 ,  8 ,124 , 73 ,103 , 51 , 74 ,155 ,108 ,157 , 98 ,138 ,148 , 82 ,174 ,170 ,116 , 18 , 24 ,167 ,197 , 33 ,195 ,154 ,152 ,105 ,142 ,  6 , 30 ,191 ,182 ,156 ,178 ,  7 , 11 ,183 ,134 ,123 , 59 , 60 ,162 ,106 ,145 ,144
182 ,148 , 51 ,193 ,122 ,115 , 63 ,193 , 90 ,156 , 38 ,158 , 59 ,126 , 39 , 54 , 94 ,110 ,109 ,189 ,151 ,137 , 18 ,155 ,130 ,117 ,174 ,199 ,181 ,116 , 62 , 48 , 94 ,157 ,194 , 18 , 78 , 28 , 93 , 48 ,197 , 63 ,172 , 78 , 50 ,121 , 46 ,162 , 10 , 61 ,169 , 37 , 13 , 59 , 50 , 59 ,157 ,127 ,167 , 58 , 84 , 82 , 18 , 47 ,155 ,129 , 89 , 50 ,172 , 10 ,165 ,160 , 76 ,135 ,112 , 87 , 50 ,179 ,113 ,169 ,  0 ,142 ,119 ,140 ,194 , 57 ,150 ,144 ,123 ,136 , 12 ,182 , 67 ,172 , 49 ,176 ,148 ,138 ,135 , 45
167 ,111 ,143 ,139 , 92 ,103 ,128 ,122 ,127 , 18 , 94 , 63 , 16 ,117 ,162 ,164 ,164 ,166 , 76 ,182 , 19 ,196 , 27 , 38 , 49 ,  7 ,197 , 10 ,111 , 91 ,168 , 35 , 90 ,164 ,100 ,137 ,195 , 27 ,117 ,188 ,147 , 33 ,105 , 44 ,101 , 52 ,112 ,107 , 90 , 14 ,109 , 37 ,174 , 31 ,145 ,146 , 90 ,162 ,119 ,125 ,150 ,160 ,104 , 27 ,110 , 90 ,165 ,102 ,115 , 26 ,  7 ,140 ,139 ,  6 , 51 ,167 , 92 , 98 ,126 ,129 ,135 , 25 ,156 , 90 , 98 , 90 , 97 ,169 ,151 ,163 ,117 ,177 ,153 ,179 , 72 , 94 ,196 , 59 ,147 ,  5
129 ,112 ,200 ,183 ,114 , 54 ,135 ,136 ,114 ,196 ,154 ,  7 , 25 ,171 ,154 , 23 ,177 ,118 ,178 , 30 , 71 , 53 ,152 ,195 ,185 , 77 ,179 , 78 ,117 ,136 , 94 , 38 , 27 ,134 ,190 ,137 ,182 ,174 , 47 ,146 ,  7 ,110 , 89 ,145 , 41 , 83 ,111 ,153 , 71 , 84 ,173 , 61 , 95 ,137 ,183 ,167 , 39 ,101 , 90 , 47 , 83 ,  3 ,172 ,158 ,  6 ,105 , 38 , 33 ,133 ,144 , 95 ,196 , 98 , 18 , 43 ,171 ,  9 ,  7 , 85 ,163 , 72 ,135 ,191 ,180 ,193 ,107 , 63 ,131 ,152 ,134 ,169 , 29 ,106 ,174 ,178 ,150 ,141 ,187 , 42 , 78
 11 , 24 , 30 , 10 ,104 ,114 ,132 , 20 ,110 ,164 ,140 ,163 , 66 , 89 , 25 , 68 , 49 , 15 , 98 ,128 , 10 ,198 ,192 , 35 ,141 , 62 ,166 ,184 , 22 , 60 ,161 ,152 ,189 ,124 , 86 ,167 ,145 ,121 ,194 , 85 , 70 , 81 ,142 ,180 , 22 , 23 , 30 ,159 ,176 ,137 , 41 ,183 , 69 ,114 , 25 ,134 , 51 , 91 , 56 ,123 ,168 ,147 , 91 ,198 , 31 , 70 , 46 ,139 , 13 , 63 , 54 ,130 ,129 , 68 ,124 , 83 ,160 ,102 ,109 ,105 , 24 , 97 , 13 ,163 ,138 , 26 ,  2 , 26 ,183 , 40 , 84 , 20 ,186 ,196 , 30 , 17 ,114 , 38 ,166 ,170
 31 ,101 ,196 , 57 ,160 ,146 ,191 ,142 , 83 ,112 , 11 ,  6 ,  3 ,160 , 53 , 58 ,200 , 33 , 78 ,173 ,  6 ,149 ,129 ,165 ,  4 ,157 ,151 ,109 ,126 ,197 ,110 ,159 ,145 ,185 , 23 ,159 ,137 , 86 ,101 ,163 ,121 ,192 ,121 , 72 ,104 , 96 ,153 , 74 , 65 , 23 ,146 ,183 , 99 , 36 , 45 , 31 ,191 ,140 , 15 ,105 ,141 ,190 ,196 ,138 , 97 ,147 , 98 , 30 ,190 , 49 , 22 , 88 , 63 ,116 ,115 , 81 ,174 ,133 ,  9 ,170 , 48 ,153 ,194 , 73 , 74 ,176 ,101 ,159 ,186 , 62 ,192 ,182 , 30 ,112 , 43 ,182 , 77 , 54 , 11 ,162
102 , 23 , 12 ,190 ,100 , 46 ,121 , 66 , 65 ,129 ,155 , 90 ,134 , 32 ,163 , 15 ,125 , 45 ,185 , 48 ,187 ,141 , 12 ,176 , 58 , 36 ,  2 ,181 , 94 ,116 ,167 ,199 ,113 ,147 , 29 ,157 , 35 ,181 , 72 ,156 ,100 , 52 , 47 , 74 ,197 , 68 , 96 ,157 ,116 ,171 , 93 ,185 , 11 ,168 , 81 ,145 , 81 ,117 ,107 , 42 , 49 ,187 , 43 , 11 ,112 ,178 ,195 , 60 , 32 ,161 ,145 ,127 ,  3 , 11 ,154 ,138 ,198 ,196 ,143 ,  2 , 82 ,148 ,115 , 35 , 52 ,193 , 79 ,104 ,167 ,  4 , 60 ,175 ,187 , 39 , 87 , 58 ,138 ,172 ,  7 ,152
195 , 87 ,136 , 86 ,146 ,112 ,171 ,167 ,  6 , 78 ,171 ,130 , 13 , 24 ,122 ,  1 ,149 , 39 , 87 ,127 , 53 ,156 , 11 , 74 , 85 , 61 ,147 ,113 ,139 ,162 ,109 ,  6 ,163 ,192 , 36 ,194 ,  6 ,115 ,153 ,  8 ,  5 ,150 ,152 ,190 , 83 , 32 , 85 , 90 , 12 ,113 , 12 , 27 ,105 , 98 ,174 ,148 ,  0 ,115 ,199 ,  6 , 29 ,188 , 62 ,114 ,158 ,  9 ,164 ,  9 ,182 ,187 , 59 ,158 , 38 , 24 ,  2 ,181 , 55 , 37 ,150 , 37 , 78 , 51 ,123 ,125 , 97 , 45 ,  9 , 53 , 77 , 88 ,181 ,183 ,106 , 30 , 10 ,169 , 42 , 69 ,151 , 71
 86 ,  3 , 37 ,191 ,109 ,122 ,  3 ,168 ,188 ,  6 ,125 , 84 , 64 ,175 , 47 ,188 , 50 ,176 , 10 , 34 , 49 ,176 , 10 ,164 ,156 , 13 , 51 , 12 , 30 , 73 , 60 ,118 ,133 , 68 , 77 ,176 ,164 ,165 , 76 ,189 , 36 , 92 ,188 ,  7 ,143 ,154 , 23 , 87 , 46 ,122 ,  4 ,  0 , 74 , 25 ,152 , 18 ,144 , 42 ,185 , 84 ,160 ,172 , 28 ,171 ,108 , 73 , 64 ,187 ,123 , 21 ,193 , 67 , 44 ,114 , 30 ,120 ,142 ,184 ,177 , 44 ,129 , 55 ,120 , 45 , 51 , 64 , 33 , 21 ,158 ,  6 , 75 , 66 ,105 ,108 , 49 ,193 ,161 ,200 , 27 , 59
123 , 61 ,135 ,135 , 60 , 39 ,111 ,144 , 30 ,161 , 60 ,117 ,159 , 59 ,128 , 69 ,  3 ,136 ,105 ,183 ,166 ,194 , 19 , 70 , 23 , 83 ,165 , 95 , 28 , 99 ,188 , 92 , 36 ,194 ,149 ,159 ,141 ,  3 ,191 , 59 , 76 ,165 ,181 ,174 , 10 , 79 , 47 , 81 ,188 ,146 ,148 , 74 , 36 , 50 , 98 ,124 ,164 ,168 ,157 ,187 ,192 ,198 , 30 ,109 , 55 , 14 ,144 ,  7 ,190 ,  3 ,122 , 28 ,134 ,176 ,166 ,172 ,187 ,147 ,177 , 14 , 50 , 71 , 24 ,121 ,114 , 61 ,119 ,189 ,149 ,145 ,154 ,106 ,141 , 46 ,199 , 11 ,137 , 65 ,150 , 48
 79 ,  4 ,139 ,165 , 90 ,119 ,160 ,187 , 56 , 23 ,186 , 70 , 40 ,191 ,162 ,116 ,172 ,127 ,173 , 65 , 14 ,194 ,145 , 26 , 78 , 41 ,131 ,176 , 20 ,133 ,184 , 83 ,104 , 95 , 51 ,128 ,103 ,129 , 89 ,200 , 10 ,138 , 41 ,171 ,152 , 37 , 14 , 21 ,126 , 83 ,143 , 63 ,132 ,125 ,128 , 41 , 30 , 51 ,158 ,183 , 84 , 95 ,139 , 94 , 44 ,  3 , 82 , 23 , 97 , 47 , 78 , 56 , 90 , 88 ,  8 ,  9 , 54 ,195 ,199 ,190 , 78 ,196 ,138 ,175 , 46 , 76 ,  5 ,110 ,155 , 30 , 76 ,136 ,136 ,  3 , 24 , 31 , 55 ,191 ,165 ,195
 11 , 89 , 53 , 78 , 86 ,126 , 95 ,150 ,136 ,  1 ,163 , 61 , 37 , 72 , 17 ,154 ,127 ,103 ,154 ,  7 ,169 ,167 , 45 ,181 ,130 , 88 , 34 , 85 ,189 , 18 , 78 , 39 ,108 ,138 , 37 ,109 , 35 ,140 ,125 , 30 ,197 , 34 ,144 ,192 ,  6 ,141 ,149 ,  9 , 29 ,137 ,173 , 93 ,182 , 44 , 31 ,136 , 99 , 55 , 52 ,165 , 81 , 83 ,166 , 37 , 45 ,160 ,159 ,105 , 74 , 98 ,  4 ,105 ,147 ,137 , 49 , 34 , 25 , 95 ,128 , 20 ,137 , 84 ,191 , 74 , 49 ,182 , 99 , 17 , 64 , 78 ,129 ,147 ,143 ,182 ,172 ,102 ,122 , 35 ,194 , 20
115 , 71 ,178 ,127 , 76 , 59 ,136 ,126 ,190 , 83 , 66 ,161 ,108 ,147 , 93 , 75 ,190 ,146 , 31 ,  4 , 39 ,183 , 25 , 29 ,160 ,146 , 32 , 56 , 35 , 16 , 91 ,162 ,128 ,160 , 49 ,143 ,176 ,133 , 44 , 51 ,107 , 75 , 58 , 36 , 34 , 22 ,102 ,157 ,176 ,115 ,  3 ,190 , 19 ,139 , 38 ,189 ,119 , 19 ,113 ,116 , 86 , 84 , 34 ,173 , 81 ,114 ,169 ,110 , 22 ,104 , 81 ,121 ,134 ,116 , 42 , 73 , 85 , 81 , 12 ,163 ,  3 ,112 ,120 ,116 , 39 ,115 ,152 ,152 , 61 , 97 ,146 ,182 ,151 , 96 ,118 , 93 , 59 ,119 , 76 ,191
182 ,179 ,123 , 62 ,103 , 58 ,175 ,190 , 16 ,136 ,132 , 73 , 68 , 13 , 30 ,167 ,150 , 51 ,170 ,150 , 61 ,173 ,193 , 91 , 58 , 54 , 25 ,169 ,121 ,183 ,182 ,172 ,124 , 57 , 16 ,160 , 52 ,  6 , 66 , 41 , 86 ,148 ,114 ,102 ,122 , 52 ,  5 , 21 , 56 , 40 ,134 ,  8 ,123 ,120 ,180 , 54 ,178 , 83 , 39 ,  5 ,145 ,169 , 17 ,111 , 32 ,120 , 16 ,102 ,105 , 65 ,101 ,162 , 19 ,192 , 90 ,169 , 10 , 85 , 77 ,176 , 37 , 56 ,155 , 43 ,160 ,176 ,119 ,193 , 51 ,153 ,191 ,  1 ,107 , 58 ,100 , 66 , 35 ,149 ,136 ,125
 16 ,109 , 31 , 95 , 46 ,104 ,196 ,186 ,101 ,197 ,155 ,156 ,111 ,175 ,183 , 47 ,174 ,142 ,130 ,107 ,199 ,127 , 58 , 67 ,172 , 55 ,168 ,192 ,152 , 13 ,185 , 50 ,  4 ,152 , 82 , 32 ,197 ,150 , 73 ,174 , 61 ,150 , 45 , 22 , 60 ,187 ,129 ,150 ,166 , 96 ,132 , 96 , 15 , 13 , 18 ,169 ,127 , 59 ,198 , 58 , 98 ,173 , 75 ,187 ,152 ,198 , 73 ,118 ,  1 , 90 , 46 ,191 ,  7 ,163 ,149 ,151 ,  2 , 36 ,143 ,158 , 56 , 65 , 73 , 98 ,184 , 16 ,151 ,108 ,108 ,188 ,147 , 20 , 70 ,143 , 54 ,200 ,150 ,184 , 68 ,199
 96 ,161 , 39 , 73 ,192 , 89 ,  2 ,  3 ,120 , 46 , 57 ,130 , 61 ,163 ,141 ,165 ,106 ,154 , 24 ,143 ,  5 ,134 , 19 , 61 ,162 ,171 ,175 , 67 ,183 , 12 ,184 , 71 ,102 ,155 ,  0 ,124 ,130 , 46 ,117 , 65 , 34 ,169 , 53 ,197 , 90 ,108 , 57 , 59 , 46 ,198 ,140 ,128 ,151 ,114 ,157 ,120 ,199 , 31 ,133 , 91 ,166 ,114 ,127 ,127 ,193 ,158 , 33 , 70 , 28 ,188 ,107 ,111 , 95 , 25 , 16 , 14 ,113 ,134 , 65 ,116 ,120 , 52 ,154 ,144 ,146 ,164 ,176 , 43 ,152 , 53 ,170 ,190 , 28 ,160 ,190 ,117 ,144 ,128 , 66 ,106
 45 ,110 , 97 , 35 , 93 , 88 ,159 , 87 ,151 ,165 ,171 , 78 , 82 , 49 ,103 ,185 ,172 , 93 , 88 , 75 , 27 ,190 ,174 , 36 , 18 , 61 , 58 , 38 ,  7 , 15 ,163 , 49 ,133 ,132 , 17 , 17 ,107 ,195 , 46 , 69 ,100 ,137 , 42 ,  5 , 38 , 63 , 76 ,155 ,182 , 82 ,128 ,186 ,195 , 66 , 57 ,164 ,119 ,131 ,160 ,187 ,  5 ,180 ,173 ,121 , 66 ,145 , 90 , 59 ,158 ,107 ,173 , 32 ,127 ,143 , 13 ,119 , 57 ,146 ,180 ,114 , 82 , 61 , 49 , 37 ,119 , 98 , 11 ,183 , 69 ,161 , 84 , 79 ,156 , 59 , 21 , 34 ,187 , 20 ,155 , 28
 70 ,138 ,143 , 39 , 29 , 31 ,152 , 77 ,190 ,199 ,103 , 75 , 35 , 52 ,158 , 85 , 84 ,154 , 46 ,152 , 86 ,155 , 86 ,136 , 59 , 96 , 44 ,110 , 33 ,161 , 82 ,  0 ,126 , 92 , 17 , 69 , 58 ,133 ,174 , 56 , 44 ,126 ,141 , 22 , 18 , 34 , 49 ,187 , 20 , 70 , 36 ,197 , 55 ,113 ,170 ,168 , 31 ,173 , 95 , 48 ,170 ,148 ,165 ,109 ,104 ,135 ,  6 ,193 , 57 , 56 , 30 , 65 , 40 ,115 ,  7 ,118 ,122 , 40 , 74 , 55 ,145 ,123 ,146 ,172 , 10 , 16 ,151 ,160 ,157 ,173 , 71 ,193 , 21 ,127 , 66 ,118 , 40 ,110 , 80 , 39
190 , 71 , 14 ,181 , 42 ,127 , 34 ,170 , 69 ,131 , 10 ,110 , 44 , 87 , 67 ,197 , 63 , 59 , 49 ,199 , 26 , 43 ,118 , 12 , 46 , 38 ,161 , 67 ,181 ,170 ,124 , 33 ,162 ,107 ,116 , 54 ,122 ,111 ,  8 ,147 , 68 ,159 ,182 ,128 , 58 ,146 , 96 , 99 , 16 , 50 , 84 ,128 ,161 , 68 ,  7 ,166 , 36 , 85 ,136 ,169 ,146 , 15 ,118 ,166 , 79 , 37 ,183 ,106 , 50 , 23 ,  6 ,169 ,195 , 92 ,118 ,186 ,121 , 76 ,104 ,172 ,143 , 87 ,148 ,182 , 72 ,110 ,128 , 22 ,  6 , 90 , 79 , 60 ,109 , 54 ,175 ,131 ,105 ,167 ,115 ,  7
 33 ,  6 ,197 , 38 , 49 , 42 ,195 ,156 , 78 ,  5 ,147 ,149 , 39 ,130 ,187 ,143 , 48 ,107 ,105 ,183 ,186 , 56 , 57 , 48 , 10 ,  0 ,187 ,112 , 45 , 96 , 93 , 91 ,179 , 94 ,101 , 97 , 45 , 17 ,156 ,100 ,165 ,133 , 55 , 63 , 79 ,104 ,  3 , 47 ,152 , 92 , 20 , 52 , 76 ,189 ,153 , 52 , 75 , 53 ,186 ,174 , 53 , 88 , 53 , 37 , 47 ,200 , 48 , 86 ,  4 ,115 ,144 , 74 , 22 , 67 , 80 ,141 , 12 ,158 , 62 ,154 ,147 , 99 , 89 ,127 , 82 ,178 , 21 ,  5 ,190 ,171 ,139 , 24 , 18 ,125 ,183 , 19 ,123 ,107 , 57 ,139
174 , 61 ,159 , 67 , 44 , 91 ,112 , 28 ,175 , 82 , 93 ,149 , 66 ,160 , 56 ,136 ,115 ,166 ,130 , 42 , 81 , 64 ,128 ,133 ,151 ,129 , 46 , 72 ,130 , 70 ,104 ,180 , 24 ,  9 , 55 , 10 , 75 ,  2 , 40 ,136 ,142 , 90 ,190 ,157 , 89 ,159 ,107 ,163 , 18 ,190 ,140 , 46 ,182 , 38 , 72 , 74 , 83 ,128 ,199 ,196 ,152 , 82 ,102 , 62 , 79 , 96 , 62 ,102 ,143 , 30 , 48 ,177 , 14 ,157 ,193 , 47 ,161 , 14 , 86 ,162 ,  0 ,162 , 78 ,170 , 50 , 97 , 69 ,126 , 15 , 43 ,196 ,158 , 21 ,188 ,186 , 82 ,141 ,146 , 28 , 78
184 , 13 , 42 ,169 , 37 ,138 , 64 , 12 , 45 ,115 ,156 , 62 , 14 ,110 , 79 , 61 ,108 , 15 ,102 ,196 ,172 ,190 ,  7 , 66 ,  2 , 51 , 80 ,136 , 72 , 71 , 20 , 91 ,167 , 79 ,145 , 59 ,164 ,146 ,197 , 98 ,196 , 81 ,  7 ,121 , 30 ,  4 ,138 ,147 ,122 ,106 ,122 , 66 , 46 , 14 ,  1 ,162 , 32 ,152 ,166 , 60 , 18 , 78 ,194 ,143 ,156 , 71 , 70 ,115 , 92 ,158 ,169 , 78 ,146 , 56 ,146 ,126 ,102 , 54 , 37 ,110 ,167 ,143 , 30 ,126 , 60 , 87 ,136 ,148 , 30 , 23 , 65 , 53 , 73 ,187 ,137 ,173 ,  9 , 45 ,190 , 67
 28 , 12 ,156 ,144 , 39 , 12 , 26 , 99 ,137 ,113 ,  6 ,173 , 70 ,169 ,177 , 64 ,192 ,104 ,  6 , 17 ,119 ,133 , 76 ,159 ,148 ,198 ,131 , 50 , 34 , 35 , 69 ,137 ,160 ,118 , 85 , 34 ,  3 ,134 ,116 ,160 ,187 ,200 ,109 , 50 , 77 ,138 ,197 , 30 ,127 ,181 , 51 , 48 , 90 ,115 , 34 ,118 ,110 , 17 , 86 , 57 , 74 ,177 ,  2 , 80 ,135 ,100 ,195 ,198 ,177 ,130 , 49 , 99 , 58 , 22 ,156 , 60 ,133 ,107 ,140 ,105 , 10 ,136 , 95 , 24 , 64 ,163 , 44 ,124 ,148 , 78 , 72 ,172 , 63 ,127 , 12 , 97 ,121 ,198 , 97 , 56
171 ,  0 ,118 , 98 , 72 ,  0 ,117 ,158 ,199 , 29 ,179 ,186 ,171 ,162 , 53 ,127 , 11 , 15 , 99 ,  0 ,186 , 55 ,  9 ,106 , 22 ,174 ,132 ,169 ,164 , 12 ,183 ,160 ,187 , 48 ,129 ,124 ,114 ,113 , 17 ,112 , 13 ,199 , 57 , 30 ,148 ,122 ,195 , 24 , 27 ,178 ,103 , 54 , 17 , 64 ,118 ,185 , 60 ,101 , 59 , 21 ,116 , 14 ,154 , 52 , 32 ,  1 , 75 , 74 , 20 ,111 , 34 , 14 , 19 , 94 , 77 ,193 , 64 ,146 ,103 ,138 , 67 ,176 , 55 ,109 ,183 , 81 ,164 , 16 ,115 ,142 , 43 , 93 , 49 ,190 ,160 ,136 ,188 ,133 , 41 , 51
148 , 92 ,103 , 88 , 68 ,131 , 86 , 20 , 31 , 49 ,106 , 79 , 75 , 20 ,122 , 52 ,190 ,197 ,159 , 75 ,109 ,134 , 72 ,101 ,  6 , 70 , 10 ,104 ,112 ,154 ,186 , 46 ,166 ,153 , 81 , 53 ,100 , 70 , 25 , 62 , 28 , 39 , 32 ,169 ,176 ,183 ,149 , 46 ,137 , 82 , 14 , 55 , 39 ,115 , 38 ,134 , 26 ,128 ,168 , 63 , 61 , 89 ,123 ,151 , 82 ,157 ,  2 , 54 ,188 ,143 ,160 , 99 ,  7 ,166 ,198 , 22 ,159 , 48 ,130 ,151 , 59 , 36 ,116 , 69 , 91 ,152 , 46 ,106 , 40 , 55 , 45 ,130 ,190 ,132 , 91 , 46 , 62 ,138 , 12 , 89
 14 , 38 ,152 , 85 , 16 ,104 , 81 , 75 , 37 , 46 , 71 , 32 , 55 ,127 ,155 ,133 , 35 ,186 ,196 ,135 ,181 , 60 ,109 , 89 ,184 ,154 , 12 , 57 ,103 , 25 ,117 ,192 ,121 , 88 ,157 , 54 , 26 , 61 , 59 , 60 , 13 ,195 ,175 ,170 , 30 , 42 , 75 , 84 ,148 ,174 ,153 ,162 ,103 , 40 ,133 , 44 , 17 , 92 ,193 , 38 ,107 , 45 ,197 , 61 ,129 ,165 , 78 , 16 , 23 ,127 ,104 ,130 , 40 , 68 , 76 ,149 ,  2 , 25 , 60 , 95 ,122 ,112 , 15 ,178 ,188 ,135 , 21 , 42 , 21 , 21 ,167 ,145 ,172 , 66 ,103 , 26 , 78 ,162 ,  9 , 73
 57 ,167 ,  1 , 43 ,186 ,104 , 52 , 22 , 69 ,139 ,109 , 84 ,183 , 49 ,145 , 13 ,  0 ,198 ,127 , 67 ,101 ,  2 ,131 , 78 ,186 , 34 ,137 ,128 , 41 , 47 , 69 , 38 ,184 , 80 ,  7 ,131 ,164 , 45 , 36 , 22 , 70 , 27 ,156 ,196 ,100 ,174 ,161 , 91 ,122 ,169 ,194 ,124 , 61 ,155 , 23 , 39 ,106 , 57 , 41 , 49 ,107 , 70 ,199 , 16 , 50 ,196 ,128 , 56 ,171 ,117 , 65 ,152 ,100 ,  5 , 38 ,110 ,191 , 92 , 35 ,  3 ,113 ,194 ,134 ,176 ,176 , 88 ,165 ,193 , 48 ,128 ,176 , 54 ,  5 , 32 ,145 ,191 ,  1 , 96 ,  4 , 67
189 ,103 ,143 , 52 ,148 ,157 ,144 , 36 , 50 ,106 ,150 ,134 ,136 ,136 , 63 ,198 ,157 , 42 , 79 ,  9 ,152 ,105 ,144 ,116 , 79 , 96 ,118 ,198 ,167 , 30 , 85 ,168 ,186 , 40 ,180 ,183 ,118 , 29 ,100 , 35 ,118 , 81 ,190 ,179 , 51 ,182 ,165 ,128 , 86 ,134 , 45 ,119 ,166 ,195 ,173 , 88 ,130 ,164 , 61 , 74 , 91 ,103 , 67 ,149 ,100 , 13 ,154 , 43 , 78 ,  5 , 93 , 50 , 62 , 76 ,110 , 90 ,  8 ,186 ,112 , 75 ,189 ,138 , 15 ,133 , 19 ,168 ,148 , 11 , 59 ,199 , 16 , 76 , 96 ,178 , 74 , 80 , 21 ,200 , 81 , 94
199 ,184 ,110 ,199 , 15 ,140 , 44 ,187 , 37 , 31 ,175 ,173 , 36 , 11 , 93 ,122 ,  7 , 80 ,194 ,187 , 18 ,159 , 23 , 60 , 16 ,189 , 75 , 80 , 41 ,  6 ,103 ,118 , 37 ,  3 ,192 ,156 , 96 , 78 ,145 ,136 ,190 ,134 , 63 , 53 ,139 ,135 ,154 ,103 ,  9 ,102 ,138 ,187 ,  4 , 70 , 75 , 58 , 60 , 18 , 39 , 20 , 53 , 81 , 22 , 46 , 46 ,174 ,131 , 25 ,159 ,139 ,118 , 99 ,  8 , 65 ,154 ,  3 ,161 , 13 ,158 ,184 , 44 , 51 ,193 ,180 ,140 ,192 ,149 , 54 ,153 , 41 ,103 ,192 , 37 ,145 ,115 , 25 ,186 ,  0 , 23 ,193
130 ,149 , 86 , 62 , 19 , 59 , 43 , 38 ,129 , 81 , 60 ,168 ,101 ,100 , 23 , 59 ,  5 ,  3 ,134 ,183 , 78 , 11 ,167 ,170 ,169 ,131 ,156 , 27 ,  6 ,127 ,107 ,182 ,136 , 16 ,157 ,196 , 59 , 92 , 71 ,199 , 56 ,139 , 71 , 78 , 82 , 48 ,142 , 92 ,120 , 91 , 55 ,192 , 46 , 25 ,102 , 26 ,100 ,171 ,  3 , 81 ,113 ,194 , 20 , 78 , 58 , 97 , 28 ,116 , 58 ,172 , 52 , 83 , 46 , 54 , 17 , 85 , 24 ,155 ,155 , 68 , 90 , 57 ,151 ,177 ,135 , 53 , 52 , 31 ,195 ,167 , 23 , 54 , 73 ,135 ,191 , 49 ,102 , 78 , 20 , 89
181 ,186 ,177 ,100 ,198 , 49 ,119 , 66 ,154 ,181 ,150 ,179 , 38 ,151 , 91 ,110 ,123 , 21 , 28 ,163 , 39 , 39 , 80 , 24 ,166 , 81 , 31 ,105 ,143 ,193 ,136 , 92 ,168 ,  9 , 96 , 69 , 13 ,144 ,190 , 99 , 61 , 71 , 19 ,143 ,  8 , 62 , 60 , 23 , 73 ,195 ,171 ,  6 ,183 , 81 , 48 , 70 ,199 ,155 ,182 ,138 , 45 ,  7 ,184 ,163 , 46 ,175 ,123 ,154 ,143 , 33 ,132 ,121 ,157 ,115 , 28 , 14 ,155 , 16 ,149 , 15 , 15 ,  5 , 93 ,197 ,145 ,  3 ,177 ,171 , 85 , 84 ,170 , 57 , 75 ,188 ,147 , 75 , 11 , 99 ,  8 ,184
101 , 52 ,162 ,178 , 45 , 17 ,190 , 87 ,  6 ,102 ,152 ,103 , 28 ,120 ,177 ,191 , 18 ,126 , 20 ,123 ,162 ,102 , 73 , 62 ,152 ,  9 , 87 ,144 , 55 , 46 ,184 ,173 ,  5 ,100 ,200 ,121 , 18 , 24 , 65 ,197 ,184 ,136 ,164 , 69 ,  7 , 13 , 68 , 87 ,170 ,164 ,136 ,132 , 10 ,152 ,115 ,178 , 22 , 53 , 67 ,136 ,200 ,125 , 43 ,148 ,191 ,139 , 82 , 52 , 98 , 17 , 19 ,144 ,176 ,116 , 10 ,193 ,129 ,142 , 61 ,159 ,162 ,173 ,173 , 29 , 61 ,133 ,188 , 81 ,105 , 99 ,148 , 40 , 32 ,118 ,113 ,108 , 52 ,130 , 53 , 19
 79 ,167 , 53 ,154 , 51 ,196 ,200 , 90 , 74 , 71 ,193 , 19 ,102 ,138 , 60 , 87 , 77 ,112 , 98 , 61 ,154 , 89 ,187 ,194 ,130 , 35 , 99 , 88 ,  5 ,198 , 69 ,133 , 49 ,140 , 15 ,134 , 65 , 27 ,120 ,178 ,120 ,107 , 14 ,146 ,122 ,198 , 61 ,195 ,113 ,183 ,128 ,107 ,169 , 10 ,153 ,  3 , 22 ,189 ,122 , 15 , 83 ,140 , 40 , 30 ,123 , 79 ,162 , 19 ,  8 , 94 ,175 ,136 , 33 ,177 ,103 ,102 , 64 ,103 , 81 , 22 ,102 ,140 ,134 , 83 ,178 ,178 , 52 ,138 , 43 , 10 , 16 , 12 , 11 , 52 , 95 , 24 , 99 ,142 ,185 ,113
137 , 45 ,181 ,140 ,166 ,  9 ,156 , 50 ,141 , 68 , 77 , 64 ,101 ,197 , 75 , 69 , 16 , 34 ,170 ,167 ,173 ,135 ,192 , 81 ,130 , 82 ,195 ,164 , 61 ,175 , 11 , 89 , 79 ,103 , 13 ,182 ,180 ,175 , 37 ,124 ,103 ,166 , 93 ,146 ,128 ,167 ,154 , 74 , 25 , 99 , 60 ,163 , 24 , 41 , 89 , 90 ,168 ,132 ,111 ,127 ,183 ,193 ,198 ,  4 ,160 ,147 ,126 , 35 ,150 ,115 , 68 , 22 , 55 , 84 , 76 , 21 , 41 , 15 , 73 ,120 ,  8 , 44 , 68 ,127 , 56 ,110 ,161 , 47 ,  5 ,113 , 81 , 16 , 12 ,112 ,184 , 90 ,160 ,194 , 59 ,173
178 , 71 ,  3 , 23 , 18 , 78 ,192 , 66 ,169 ,159 , 39 ,107 , 79 , 50 ,101 ,108 , 65 ,166 , 30 , 63 ,174 ,102 , 26 ,168 ,183 , 73 , 38 ,  7 ,168 , 45 ,176 ,186 ,106 ,104 , 80 ,164 , 57 ,165 ,178 , 28 , 84 ,170 , 17 ,170 ,124 ,130 , 64 ,104 , 78 ,104 , 21 , 29 ,137 ,106 ,128 ,135 ,161 ,  2 ,125 , 69 ,126 ,134 ,106 ,145 , 78 , 12 , 23 , 60 ,106 ,200 ,179 ,177 ,153 , 33 , 23 ,191 ,193 ,  8 ,139 ,192 , 85 ,121 , 69 ,140 ,150 , 48 ,177 ,133 ,108 ,125 , 23 ,  5 , 60 ,183 , 46 ,  8 ,178 ,150 ,163 ,193
  5 , 26 ,112 ,137 , 94 , 79 ,163 ,140 , 68 , 75 , 64 ,129 ,193 ,  0 , 41 , 60 , 22 , 46 ,133 , 80 , 13 ,173 ,  1 ,  4 ,133 ,114 ,136 ,  8 , 70 , 25 ,126 , 66 , 90 ,182 , 85 ,101 ,176 , 38 , 96 , 65 ,177 ,146 , 94 ,177 , 44 ,108 , 92 , 64 , 77 , 30 ,143 ,173 ,103 , 37 , 46 ,142 ,198 ,  8 , 36 ,137 , 78 , 62 , 30 , 28 , 60 ,178 , 86 , 96 ,  0 , 96 ,  5 , 57 ,118 , 96 ,115 , 58 ,191 , 40 , 37 ,111 ,168 , 14 ,132 , 44 ,177 ,146 ,  2 , 67 ,114 ,180 ,152 , 76 , 31 ,140 ,194 , 58 ,124 ,163 ,116 , 99
 43 ,194 , 96 , 40 ,119 ,175 , 40 , 85 ,131 ,137 ,159 ,  3 , 64 , 76 ,114 , 33 ,121 ,174 ,192 , 38 , 85 ,137 , 46 ,143 ,  7 , 87 , 85 , 16 , 25 ,109 ,127 , 95 ,  0 , 73 ,185 , 68 ,173 , 58 ,179 ,145 , 54 , 69 ,187 , 50 ,153 , 36 ,181 , 29 , 21 , 51 ,174 ,159 , 79 ,178 , 73 ,160 , 71 ,179 , 32 , 86 ,176 ,189 ,152 , 23 ,103 , 68 ,172 ,167 ,199 ,160 ,154 , 31 , 80 ,173 , 62 , 63 , 32 , 56 ,115 ,181 ,114 , 74 , 77 ,158 ,125 ,173 , 54 , 66 ,184 ,137 ,167 , 48 ,  0 , 89 ,138 , 20 , 94 , 58 ,117 , 53
172 , 37 ,146 ,145 ,154 ,179 , 51 ,141 , 11 ,147 ,169 ,105 ,199 , 19 ,135 , 36 ,175 ,129 , 61 , 70 , 57 ,150 ,119 , 32 ,143 ,183 ,  0 , 58 ,117 , 74 ,164 ,110 ,190 ,136 ,149 , 91 ,164 , 23 , 38 , 85 ,199 , 73 , 47 , 82 ,124 ,167 , 54 , 74 , 23 ,125 , 79 ,  4 ,  5 ,114 ,180 ,139 , 26 ,135 , 83 ,115 , 11 ,  1 ,115 ,195 , 86 , 39 ,  0 ,104 ,103 , 37 ,127 ,  0 , 17 ,111 , 91 , 90 , 12 ,  7 , 84 , 16 ,151 , 73 , 51 , 63 ,122 ,199 ,128 , 87 , 19 ,  3 , 56 , 60 , 54 , 33 ,200 ,166 ,106 , 35 , 79 , 36
141 ,137 ,175 ,166 ,134 , 88 , 39 ,186 , 93 , 95 , 25 , 29 , 25 ,198 , 69 ,150 ,118 , 85 ,181 ,158 , 80 , 31 , 47 , 63 ,174 ,173 ,137 , 31 ,  2 ,148 ,165 ,126 ,120 , 78 ,119 , 73 ,128 ,153 , 79 , 48 ,119 , 60 , 62 ,155 ,121 ,184 , 12 ,125 , 53 , 41 , 32 ,123 ,116 ,191 ,138 , 47 , 22 , 97 , 78 , 10 , 93 ,190 , 82 ,185 ,145 ,198 ,121 , 71 , 99 ,200 ,173 ,101 ,192 ,194 ,133 ,120 , 34 ,147 , 18 , 11 ,110 ,195 ,111 ,134 ,135 , 47 ,107 ,127 , 11 , 69 ,119 ,137 , 32 ,  8 ,192 , 35 , 12 , 49 ,161 ,113
180 ,129 , 67 , 17 , 63 ,178 , 56 , 16 , 94 , 19 , 78 , 36 ,147 ,132 , 30 ,138 ,171 , 27 , 21 ,200 ,137 ,195 , 49 , 20 , 62 , 36 ,  5 ,100 ,138 , 45 ,145 , 21 ,162 , 96 ,179 , 86 , 46 , 50 ,127 ,160 , 60 ,132 , 13 ,  1 , 38 ,142 ,148 ,196 ,169 , 20 ,186 ,  8 , 81 ,158 ,160 ,180 , 11 ,116 , 26 ,196 ,104 , 24 , 17 , 85 ,153 ,175 ,140 ,196 ,181 ,154 ,150 ,131 ,123 , 88 ,149 , 69 , 67 ,149 , 99 , 71 , 81 ,143 ,124 ,161 ,199 , 14 , 91 ,151 , 20 , 36 ,163 ,184 , 78 ,161 ,115 ,143 , 97 ,  9 , 47 ,153
 35 ,105 , 52 , 82 ,150 , 19 ,132 ,108 ,  7 ,183 ,189 ,115 , 91 ,117 , 87 ,168 ,200 , 58 ,  6 ,189 ,171 ,154 , 16 , 37 , 80 ,162 , 26 ,148 , 32 ,103 ,153 , 86 , 88 ,  9 , 80 ,147 , 26 ,  7 ,189 , 47 ,130 , 46 ,116 , 86 ,154 , 93 , 78 ,187 , 68 ,109 ,181 ,127 ,104 ,194 , 30 ,110 ,162 ,138 ,  7 ,136 , 21 , 95 , 65 , 52 ,136 , 61 , 40 , 51 ,111 ,188 ,124 ,141 , 26 , 98 , 30 , 19 , 36 , 79 ,172 ,196 , 84 , 40 , 27 , 40 ,154 ,184 , 66 ,118 ,  3 , 71 , 94 ,112 , 10 ,113 , 98 ,106 ,  0 ,101 ,123 , 44
 36 ,146 , 19 , 42 , 59 ,191 , 70 ,105 ,119 ,120 , 34 , 86 ,144 ,111 ,107 ,156 , 43 ,115 , 79 ,120 ,173 , 47 ,137 ,135 , 51 ,197 ,  8 ,127 ,112 ,116 ,166 ,162 , 50 ,111 , 41 ,190 ,164 ,  9 ,154 , 11 ,115 , 47 ,  1 , 77 , 12 ,169 , 48 ,194 , 97 ,125 ,121 , 69 ,122 ,159 ,  7 ,173 , 57 ,118 , 14 , 67 ,158 , 34 ,180 ,116 , 44 , 43 , 25 ,106 , 20 ,156 , 96 ,193 , 59 ,195 , 23 ,  6 ,134 ,100 ,101 ,140 ,177 ,112 ,157 ,133 ,103 , 70 ,176 ,123 ,174 ,154 ,129 , 44 ,132 , 63 ,148 ,192 ,133 , 97 , 61 ,177
140 ,155 ,191 ,103 ,129 ,165 ,139 , 82 , 52 ,142 ,170 ,129 ,196 , 65 ,127 ,  2 , 89 , 45 , 63 ,188 ,152 ,132 ,195 , 98 ,105 ,179 ,198 ,121 ,164 ,163 ,153 , 79 , 88 ,135 ,146 ,105 , 90 ,108 , 23 ,119 , 77 , 47 ,158 ,141 ,189 , 72 ,172 , 72 , 11 ,  7 ,192 ,120 ,119 ,100 ,191 , 92 , 94 , 67 , 68 ,186 , 69 , 52 , 44 , 44 , 63 , 70 ,102 , 12 , 36 ,  4 ,150 ,121 ,189 ,106 , 85 , 35 ,135 ,176 , 36 ,126 ,172 , 99 ,162 ,  1 ,195 ,143 , 55 ,102 ,199 , 86 , 42 ,  8 , 92 ,200 ,178 ,  0 ,165 ,106 , 14 ,103
172 ,138 ,133 ,170 ,101 ,110 , 70 , 88 ,101 ,142 , 44 , 51 , 36 ,190 ,135 ,171 , 12 ,  5 ,  7 ,126 ,152 ,140 ,170 ,130 ,131 , 20 ,169 , 10 , 59 ,183 , 61 ,109 ,142 ,187 , 92 ,114 , 11 , 54 ,172 ,161 ,187 , 80 , 88 , 64 ,106 ,185 ,181 ,154 ,105 ,137 ,172 ,117 , 54 , 12 , 78 , 51 , 84 ,174 ,107 ,162 ,180 , 22 ,176 ,199 ,118 ,116 ,198 ,156 ,116 ,121 ,177 ,191 ,169 , 16 , 32 ,130 ,119 ,  7 , 74 , 95 ,192 , 83 ,148 ,112 , 34 ,190 ,182 , 96 , 40 ,154 , 19 ,120 ,182 ,147 ,  4 , 97 ,184 ,108 , 25 , 71
 30 ,112 ,171 ,107 ,148 ,181 , 42 , 17 , 44 , 76 , 22 , 29 , 32 , 52 ,165 ,100 , 85 ,117 , 89 ,134 ,  1 ,154 ,104 ,118 ,179 , 93 ,178 ,106 , 87 , 80 , 38 , 56 , 16 ,129 ,123 ,182 ,178 , 39 , 11 , 55 , 42 ,180 , 69 ,161 , 83 ,187 , 44 ,136 , 76 ,131 ,  2 , 20 ,138 ,166 , 99 , 86 ,117 ,151 ,126 , 55 ,194 , 18 , 69 ,171 , 35 ,131 ,122 ,171 , 89 , 13 ,135 , 65 ,127 ,107 ,136 , 86 , 68 , 61 , 10 , 75 ,116 ,100 ,191 ,102 ,115 ,188 , 47 ,139 ,159 , 29 , 96 , 97 , 73 ,119 , 65 , 87 ,121 ,  9 ,161 , 32
 96 ,110 ,183 , 79 , 39 ,148 , 95 ,125 , 72 , 67 ,112 ,  2 ,  2 ,178 , 44 , 88 ,157 , 12 ,123 , 77 ,174 ,116 ,  3 ,188 ,122 , 17 ,116 , 58 ,182 ,  8 , 28 , 73 , 59 , 50 ,169 , 74 , 67 ,108 , 23 , 87 ,100 ,110 , 99 ,118 ,163 , 29 ,187 ,  7 ,  7 ,143 , 49 , 89 ,145 , 18 ,148 ,172 ,137 , 26 ,175 ,189 , 46 , 31 , 27 ,136 , 39 , 30 ,113 , 47 ,117 ,127 , 73 ,109 , 48 , 62 , 93 ,172 , 50 , 40 ,187 ,188 ,129 ,197 ,155 ,148 ,153 , 19 ,102 , 84 ,144 , 67 ,145 ,114 ,157 ,161 ,157 ,  1 ,115 ,183 , 75 ,107
  5 , 99 ,109 , 65 , 17 , 86 , 26 ,163 , 40 ,130 ,136 , 42 ,179 ,105 ,152 , 82 ,129 ,180 , 39 , 50 ,175 , 75 , 53 ,  0 ,178 , 74 , 81 , 64 ,107 ,161 ,176 ,153 , 40 , 85 ,194 , 48 ,157 ,129 , 72 , 82 ,121 ,194 , 27 ,155 ,187 ,196 ,162 , 80 ,154 , 29 ,145 ,  0 ,126 ,  9 , 33 , 48 ,161 ,  3 , 46 , 30 ,138 ,131 , 98 ,105 ,  3 ,150 , 38 ,147 , 50 ,120 , 99 ,102 ,143 , 40 ,103 ,101 ,105 ,  7 ,106 ,199 ,  1 ,  6 ,164 ,181 , 63 , 40 ,112 ,189 ,165 ,144 , 93 , 59 , 56 , 40 ,133 ,175 ,174 , 62 ,167 ,107
 43 , 42 ,  5 ,116 , 92 ,103 ,160 , 40 ,  8 ,165 ,152 ,125 , 97 ,168 ,130 ,160 ,113 ,128 ,119 ,118 ,177 ,184 ,167 ,  2 ,180 , 85 , 98 ,171 ,149 ,152 ,143 , 83 ,130 , 51 ,119 ,137 , 57 , 19 ,172 ,147 ,164 , 55 , 58 , 80 ,139 , 11 ,168 ,125 ,120 , 90 ,115 , 41 ,  3 ,159 , 64 , 82 ,130 , 36 , 59 , 28 , 92 ,116 ,167 , 23 ,117 , 48 ,147 ,182 ,136 , 19 ,119 ,142 , 69 , 88 ,166 ,155 , 99 , 90 , 11 ,135 , 48 , 71 , 59 ,190 ,150 ,186 ,151 ,  7 , 63 , 70 ,  3 , 74 , 17 ,155 , 69 ,176 ,114 ,158 ,192 ,166
118 , 20 , 40 ,  8 ,118 ,177 ,  7 ,153 ,  9 , 96 ,158 , 40 ,146 , 28 , 47 ,173 ,  0 ,  2 ,116 , 37 , 55 , 27 ,142 ,158 , 96 , 36 ,121 ,127 , 74 ,180 ,148 ,189 ,183 , 90 ,  2 , 87 , 58 , 48 , 33 , 87 ,127 , 25 ,  0 ,108 , 56 ,152 , 47 ,149 ,171 , 96 ,141 ,139 , 95 , 87 ,157 , 47 , 96 ,133 ,183 , 32 ,110 ,101 ,180 ,  8 , 25 , 71 , 44 ,105 ,160 ,  9 ,160 ,187 , 17 , 40 , 94 ,187 ,121 , 90 ,112 , 14 , 58 , 72 ,124 ,169 , 84 ,185 , 21 ,191 ,183 ,  8 , 17 ,137 ,  1 , 42 ,147 ,107 ,154 , 29 ,172 , 85
 23 ,127 ,155 ,  2 , 29 , 16 , 53 , 45 ,170 ,  8 , 57 , 67 ,171 ,176 ,115 , 33 , 36 ,185 ,102 , 67 ,182 , 49 , 95 , 82 , 16 ,119 , 35 , 44 ,  2 ,163 ,163 , 57 ,200 ,132 ,102 ,104 , 20 , 37 , 15 , 50 ,123 ,173 , 41 , 22 , 64 , 58 ,160 ,115 , 52 , 45 , 24 ,106 , 49 , 79 , 75 ,180 ,172 ,147 , 42 , 52 ,158 , 82 ,  3 , 56 ,153 ,  3 , 62 , 49 , 35 ,  4 , 64 , 20 ,119 , 33 ,157 ,189 , 74 ,151 ,158 ,169 , 58 , 16 ,161 , 75 ,172 ,130 ,131 , 35 ,110 ,191 ,160 , 39 ,113 , 28 ,102 , 32 ,182 , 73 ,170 ,185
 38 ,  7 ,113 , 76 , 98 , 72 , 26 , 81 ,180 , 30 , 78 , 65 , 86 ,139 ,160 ,113 ,101 , 36 , 80 ,191 , 42 , 50 ,171 ,140 ,111 ,144 ,  4 ,  0 , 18 ,155 ,169 , 16 , 80 ,144 ,133 , 76 , 63 , 94 ,181 , 90 ,195 ,183 , 53 , 93 ,165 , 20 , 22 ,196 , 69 , 33 ,153 ,141 ,172 , 37 ,179 , 97 ,171 ,181 , 49 ,125 ,191 ,126 ,162 , 92 , 17 , 49 , 67 , 22 , 13 ,163 ,120 , 46 ,177 ,173 , 31 ,166 ,125 , 12 ,116 , 84 , 77 ,131 , 74 ,171 , 13 , 68 ,140 ,159 ,  3 , 91 ,179 , 40 ,108 , 92 ,152 , 11 ,179 , 55 , 19 ,134
 37 , 32 ,164 ,125 ,161 ,176 ,115 ,123 ,200 ,165 , 89 ,114 , 91 , 59 , 51 ,179 ,162 , 93 ,195 ,197 , 72 ,138 ,139 , 42 ,153 ,122 , 95 ,152 , 70 , 23 ,101 ,137 , 54 , 45 ,197 , 79 ,197 ,197 ,104 , 28 , 37 ,122 , 96 , 26 ,  3 , 70 , 14 , 63 ,  7 , 88 ,133 ,180 , 64 ,188 , 59 , 38 ,181 ,150 ,138 , 67 , 14 , 62 , 99 ,181 ,195 ,158 ,154 , 16 ,190 ,  1 , 21 ,146 ,150 , 93 ,168 ,172 , 20 ,164 , 32 ,191 , 77 , 50 , 41 ,125 , 92 , 39 , 66 ,149 ,109 , 56 , 49 ,193 , 14 ,133 ,123 ,130 , 14 ,107 ,160 , 98
 45 ,198 , 21 ,  9 ,195 , 15 ,112 ,148 , 28 ,  1 , 45 ,148 ,190 , 42 , 86 ,  9 ,  6 , 55 , 21 ,181 ,  3 ,113 ,  9 , 92 , 14 , 19 ,  8 ,189 , 68 , 91 , 88 , 92 , 16 ,  4 , 23 , 47 , 38 , 13 ,190 , 57 ,116 ,144 , 49 ,173 , 70 ,  3 ,194 , 57 , 32 ,167 ,171 ,136 ,134 ,122 ,142 , 43 ,195 , 42 ,171 , 79 , 35 ,147 , 93 ,154 , 76 ,152 ,131 , 39 , 78 ,136 , 24 ,120 , 88 ,184 ,152 , 46 , 70 , 98 , 43 , 96 ,159 , 73 ,160 , 16 , 56 ,115 ,118 ,173 , 70 ,179 ,114 , 94 ,133 ,199 , 64 , 17 , 47 ,175 ,120 ,103
156 ,165 , 24 ,109 , 70 ,100 ,173 , 32 , 68 ,155 ,197 ,152 ,192 ,  3 , 32 , 48 , 84 ,103 ,188 ,171 ,178 , 95 ,145 ,177 ,102 ,160 ,107 , 80 ,129 ,150 , 84 ,161 ,174 ,178 , 15 ,187 ,104 ,174 ,  6 , 27 , 13 ,111 ,  0 ,179 , 16 , 45 ,172 ,154 , 67 , 60 , 96 ,  0 , 43 ,146 , 71 ,115 ,  6 , 14 , 16 , 85 , 69 , 58 , 97 ,135 , 42 , 88 ,145 , 56 , 47 ,115 ,118 , 88 ,185 ,121 ,100 , 41 ,  6 ,138 , 33 ,173 ,120 ,136 , 73 ,  0 ,158 , 47 ,131 ,163 , 86 , 82 , 50 ,196 ,120 , 78 ,158 ,139 , 93 , 98 ,104 , 93
 95 ,131 , 79 ,125 ,172 ,125 , 20 , 28 , 12 , 85 ,  2 ,187 ,162 ,191 ,138 ,184 , 99 , 56 , 93 , 42 ,165 , 21 , 85 ,196 ,106 ,140 ,135 , 13 ,166 ,194 , 53 ,110 , 79 , 86 ,145 ,102 , 18 , 47 ,127 ,139 , 99 , 50 ,197 ,188 , 69 , 57 , 29 ,129 ,  5 , 28 , 28 ,143 ,141 , 71 , 52 , 43 ,  6 , 82 , 92 ,131 ,136 ,190 , 79 , 80 ,108 ,141 ,132 ,115 , 80 ,122 , 86 , 80 ,  1 , 99 , 58 , 82 ,120 , 11 ,192 , 22 , 91 ,194 , 19 , 45 ,199 , 63 ,190 , 45 , 22 , 90 ,186 ,121 ,127 , 54 ,136 ,154 , 16 , 34 , 50 ,107
 21 ,138 , 12 , 60 ,  3 ,117 , 88 , 76 , 91 , 35 , 50 ,185 ,145 ,121 , 36 ,176 , 25 , 23 ,194 ,108 ,180 , 94 ,163 , 74 , 31 , 57 , 88 , 32 , 10 , 53 , 49 ,118 ,198 ,109 , 10 , 67 , 85 , 76 , 66 , 25 , 81 , 22 ,166 , 90 ,118 , 63 ,147 ,101 ,106 ,150 ,147 ,182 , 86 , 18 ,168 ,147 ,145 ,103 , 71 ,111 ,  6 , 91 , 29 ,195 , 26 ,  9 ,166 ,142 , 45 , 64 , 11 ,129 , 95 , 20 ,  8 ,171 ,151 ,102 ,117 ,110 , 11 ,193 ,174 , 76 , 59 ,119 , 66 , 62 , 36 ,159 ,183 , 97 , 91 , 29 ,177 ,175 ,194 ,178 ,166 , 76
132 ,190 , 43 ,194 , 73 , 53 ,174 , 46 ,123 , 63 , 26 ,129 ,164 , 94 ,154 , 82 ,125 ,161 ,146 , 30 ,119 ,172 , 58 , 86 , 95 , 97 ,172 ,  3 ,142 ,183 ,200 , 10 ,179 ,118 ,179 , 55 , 94 , 45 , 55 , 97 ,145 ,115 , 55 ,191 ,130 ,132 , 44 ,154 ,151 ,124 , 74 , 45 , 65 ,188 ,116 ,130 ,148 , 76 , 25 ,104 ,145 , 46 ,127 ,172 ,150 ,145 , 99 , 17 , 26 ,143 , 86 ,  8 , 28 , 61 ,115 , 56 , 37 , 72 ,185 , 96 , 50 , 14 , 25 , 99 ,114 ,162 , 68 , 81 ,119 ,116 ,186 ,192 , 60 , 85 ,122 , 96 , 86 , 53 , 33 ,135
169 ,  6 , 23 ,154 ,101 ,162 , 46 ,176 , 20 , 67 , 22 , 96 , 69 ,136 , 28 , 64 ,110 ,135 ,105 ,198 , 99 ,162 ,146 , 36 ,164 , 99 , 30 , 39 , 95 , 99 ,132 ,104 ,162 , 74 , 23 ,114 , 25 ,144 ,123 ,200 ,103 ,155 , 64 , 40 ,  4 , 85 ,193 ,142 , 66 , 67 ,137 ,122 ,138 ,129 ,128 , 94 ,116 ,150 , 79 ,  4 , 69 ,181 , 94 ,144 ,200 , 83 ,180 , 58 , 17 ,  7 , 64 , 84 , 55 , 71 ,190 ,189 ,191 , 66 , 87 ,139 ,156 , 42 ,120 ,101 ,187 , 66 ,183 , 66 , 42 , 44 , 96 , 46 ,186 , 50 , 27 ,132 , 67 ,171 ,197 ,154
 54 , 63 ,176 , 96 ,152 , 23 ,119 ,153 ,124 ,100 , 82 ,146 , 72 ,108 ,133 , 53 , 67 ,180 , 32 ,101 , 90 , 73 , 20 ,182 ,  7 ,163 , 44 , 35 , 14 , 57 , 46 ,100 ,151 , 72 ,155 , 20 ,135 ,169 , 80 ,171 , 60 ,149 ,182 ,175 ,105 ,180 , 37 ,116 , 21 , 74 , 14 ,145 , 52 ,157 ,187 , 14 ,168 ,187 , 61 ,180 ,101 , 49 ,195 , 94 , 25 ,120 ,111 ,105 ,111 , 88 ,  4 , 28 , 44 , 99 ,140 , 64 ,190 ,143 ,109 ,105 ,185 , 90 ,166 , 85 ,129 , 61 , 81 , 74 ,134 , 51 ,128 , 65 ,147 ,126 , 99 , 87 , 34 , 26 , 77 ,142
131 ,187 ,185 ,156 ,128 ,138 ,145 ,131 ,146 ,137 ,198 ,175 , 46 ,183 ,121 ,134 ,165 , 67 ,121 ,109 ,160 , 39 , 19 , 75 , 42 , 33 , 58 , 11 ,138 ,182 ,182 , 78 ,190 ,152 , 11 ,101 , 77 , 17 ,  6 ,176 , 62 ,179 , 40 , 28 , 30 ,184 ,160 , 63 , 29 ,184 ,128 , 64 ,  9 , 63 , 24 , 55 , 70 ,165 , 12 ,186 , 92 , 64 ,  7 , 84 ,136 ,149 ,166 ,  2 ,174 ,173 , 46 ,156 , 89 ,192 ,123 ,130 , 46 ,162 , 44 ,166 ,156 ,  4 , 99 ,143 ,157 , 14 , 95 ,136 ,122 ,144 ,136 , 31 ,141 ,135 ,160 ,143 ,160 , 85 ,162 ,166
119 ,107 ,189 , 21 ,134 , 15 ,193 ,135 , 27 ,  0 ,137 ,140 ,112 , 71 ,171 ,115 ,134 , 37 , 59 , 65 , 53 ,159 ,149 , 33 , 71 , 99 , 94 ,182 , 33 ,112 ,127 ,137 ,124 ,170 ,135 ,189 ,171 ,196 ,131 ,130 , 77 ,128 ,195 ,117 , 73 , 36 ,134 ,184 , 39 ,178 ,172 ,128 , 15 , 29 ,140 , 73 ,179 , 23 ,103 ,109 ,197 , 72 , 71 , 81 ,169 ,166 ,145 , 15 ,171 , 59 , 45 ,108 , 51 ,148 ,137 , 96 , 95 , 62 ,180 ,104 , 12 ,128 ,164 ,110 ,123 , 95 ,117 , 78 ,122 ,164 ,176 ,104 ,174 ,172 ,172 , 25 , 95 ,  1 , 35 ,200
  6 , 12 , 54 , 80 ,152 , 41 , 47 ,115 , 98 , 58 ,179 , 15 , 97 ,114 ,104 ,189 ,133 , 43 , 72 ,188 , 35 ,117 ,188 ,  1 , 17 , 78 ,  4 ,120 ,165 ,159 , 86 , 42 ,150 , 59 , 34 , 42 , 83 ,131 , 59 , 51 , 40 ,187 ,132 , 13 , 26 , 11 , 73 , 65 ,158 ,  7 ,180 , 23 ,173 , 61 , 13 ,119 , 66 ,152 , 42 ,151 ,185 , 26 ,200 ,187 ,157 ,108 ,142 ,114 ,124 , 74 ,135 , 76 ,101 , 68 , 89 , 37 , 74 , 55 ,134 ,107 , 43 ,  7 ,139 , 56 , 66 ,177 , 28 , 30 ,130 ,173 , 37 , 79 ,163 , 81 ,  2 ,108 ,173 ,100 ,157 ,148
186 ,164 , 78 ,108 , 36 ,153 , 44 , 55 ,149 , 61 ,113 , 12 ,166 , 99 ,103 , 24 , 92 , 64 ,161 ,149 , 15 ,161 ,189 ,174 ,112 ,182 , 47 ,137 ,184 ,171 ,147 ,195 ,122 ,  2 ,  1 , 96 , 12 ,182 ,113 , 98 ,114 , 36 , 88 ,147 , 50 , 26 , 55 , 57 , 31 ,159 , 81 ,183 , 10 ,  3 ,144 ,138 ,106 ,111 , 47 ,105 ,156 , 46 ,  0 , 44 ,191 ,112 , 17 ,131 , 80 , 36 , 20 ,176 , 69 , 38 , 37 , 43 , 88 ,146 ,200 ,113 , 18 ,  7 , 64 , 72 , 59 , 73 ,144 , 70 , 33 ,136 , 10 ,111 , 52 ,123 ,148 , 65 , 59 , 99 , 61 ,174
139 ,157 ,198 , 56 ,114 ,  9 ,125 ,155 , 65 ,177 , 64 ,108 ,181 ,198 , 34 , 10 , 49 ,171 ,103 ,  7 ,  3 , 28 ,149 ,188 , 14 , 24 ,102 ,145 , 14 ,104 ,151 , 18 ,200 , 63 ,110 ,122 ,123 ,193 ,185 , 23 , 68 , 60 , 95 ,112 ,178 ,149 ,  5 ,139 ,167 ,149 ,150 ,122 ,129 , 76 ,134 ,119 ,181 ,162 ,185 , 12 ,164 , 19 ,116 ,  8 ,194 ,176 , 18 , 31 ,189 ,  0 ,  4 ,111 , 42 , 50 , 28 , 16 , 19 ,190 ,153 , 11 ,130 ,171 , 35 , 39 ,174 ,122 , 61 ,126 ,  9 ,  6 ,154 ,151 , 56 ,135 , 88 , 48 , 64 , 17 , 56 , 88
183 ,195 , 80 ,172 , 28 , 83 , 24 , 32 ,121 ,176 , 17 ,162 ,180 , 65 ,158 , 53 ,144 ,131 ,110 ,157 , 55 , 16 , 95 ,116 ,110 , 55 ,128 ,168 ,147 , 60 ,180 ,181 ,154 , 98 ,171 , 23 ,145 , 92 ,145 ,172 , 64 ,103 ,100 , 48 , 19 , 67 , 93 , 72 , 98 , 56 ,  7 ,167 ,118 ,120 , 43 , 38 ,101 , 30 ,117 ,196 , 71 , 19 , 32 ,180 , 50 ,141 , 27 ,  7 ,  3 , 74 , 70 ,166 ,149 , 11 ,110 , 37 ,162 ,101 ,129 ,131 ,103 , 41 , 64 , 88 ,152 ,104 , 36 ,199 ,145 ,182 , 42 , 60 , 74 , 15 ,133 ,167 , 55 ,184 , 48 , 98
100 , 46 ,195 , 44 ,  6 , 25 , 47 , 50 , 45 , 95 , 72 ,107 , 49 , 12 ,161 ,178 , 61 , 41 , 97 , 23 , 27 ,122 ,155 ,146 , 79 , 55 , 96 , 80 ,193 ,185 ,180 ,112 , 83 ,109 ,168 ,145 ,130 , 79 ,106 ,120 , 34 ,176 , 38 ,152 , 79 , 81 ,200 , 58 , 63 ,  7 , 87 ,151 , 29 ,110 ,164 ,120 , 21 ,174 ,141 ,119 , 98 ,147 ,200 ,169 ,168 , 91 , 65 ,142 ,137 ,147 , 55 , 49 ,120 ,189 ,157 ,130 ,183 ,191 ,  5 ,158 , 81 ,178 , 38 , 68 , 11 ,148 , 48 ,136 ,154 ,200 ,150 ,137 ,199 , 18 , 24 , 96 ,150 ,131 , 27 , 34
 92 ,107 ,141 ,149 , 55 ,134 ,152 ,170 , 62 , 74 , 15 , 24 , 93 ,179 ,109 , 46 , 67 ,182 , 84 , 46 , 27 ,  3 ,128 , 29 , 32 , 33 , 88 ,136 ,196 ,101 ,161 , 97 ,100 ,  7 , 29 ,200 ,126 , 51 ,160 , 99 , 10 , 76 ,180 ,110 ,150 , 99 ,110 ,171 ,188 ,  5 , 86 ,197 ,160 , 40 , 41 , 41 , 99 , 49 ,170 ,104 , 43 ,161 , 22 , 13 , 32 ,179 ,137 ,111 ,162 ,132 , 98 , 59 ,129 , 95 ,100 ,152 ,128 , 60 ,195 ,118 ,118 , 34 ,108 ,112 , 23 ,154 , 97 , 23 , 96 , 82 , 25 ,139 ,150 ,169 ,123 ,168 , 85 , 34 ,  1 ,189
160 , 88 , 93 , 55 , 80 ,152 ,141 , 58 ,136 , 46 , 64 ,178 ,147 , 41 ,105 ,130 , 80 , 59 ,180 , 27 ,145 ,168 , 62 ,143 ,128 ,  1 ,128 ,126 , 88 ,189 , 49 , 98 , 57 ,197 ,137 ,106 ,167 ,200 ,100 ,188 ,157 , 73 , 16 , 44 , 68 , 27 , 79 ,168 ,134 ,111 ,125 ,106 ,147 ,167 ,187 ,131 , 34 ,117 , 29 ,146 , 62 ,161 ,105 ,152 , 99 ,112 ,144 , 32 ,  1 ,137 , 87 ,129 , 69 ,165 ,182 ,162 , 77 ,190 ,  4 , 27 ,164 ,  6 , 56 ,  5 ,  8 ,193 ,143 ,120 ,118 , 52 , 72 ,193 ,177 ,  4 , 82 ,166 , 43 , 85 ,150 , 47
 58 , 30 , 15 , 75 ,130 ,133 , 10 ,199 , 83 ,157 , 81 ,186 ,129 ,  6 ,148 , 82 , 36 , 29 , 58 , 23 , 20 , 94 ,157 ,123 , 63 ,133 ,107 ,154 ,101 ,179 , 57 , 49 ,102 , 10 ,153 ,195 , 78 ,179 , 25 ,177 ,  4 ,119 , 70 , 97 , 29 ,167 , 77 , 28 ,197 ,128 ,100 ,130 ,178 ,170 ,  2 ,139 ,139 ,122 ,186 , 43 ,116 ,  4 , 89 , 98 , 70 ,  4 , 90 , 13 ,194 ,100 , 70 , 57 , 87 ,163 ,  3 ,138 ,137 , 92 , 70 , 76 , 26 , 85 ,173 , 78 ,197 ,133 , 64 ,199 , 93 ,117 ,167 ,117 , 60 ,123 ,142 ,115 ,151 , 95 , 70 ,103
 98 , 69 ,138 , 48 , 74 , 41 ,175 , 23 , 65 ,154 ,  7 ,  5 ,148 ,157 , 74 ,  1 ,159 ,129 , 93 ,155 ,100 ,174 ,183 , 85 , 81 , 19 , 40 ,152 , 43 , 74 ,181 , 91 , 46 ,167 , 40 , 92 , 36 ,103 ,154 ,126 ,198 , 51 ,165 ,  8 ,127 ,110 , 38 ,120 ,106 , 59 ,137 ,117 , 20 , 81 ,  8 ,163 , 37 ,129 ,  4 ,  7 , 24 , 10 , 83 , 87 , 59 ,137 , 20 ,108 , 45 ,180 , 47 ,199 ,174 ,115 ,  6 ,188 ,137 ,135 , 86 ,133 , 39 ,121 , 86 , 59 ,160 ,  9 ,174 , 14 ,  2 , 53 , 42 , 27 , 11 , 82 ,124 , 31 ,132 ,134 ,168 ,102
  8 ,152 , 15 ,135 ,188 , 43 ,103 ,159 , 35 ,  8 , 89 , 49 , 25 ,145 ,186 ,114 , 26 , 64 ,113 , 18 , 39 , 59 , 17 ,100 , 60 , 92 ,161 , 65 ,142 ,  7 ,128 ,117 ,125 , 64 ,152 ,117 ,143 ,108 , 32 , 70 ,117 ,179 ,116 ,155 , 13 ,154 , 39 ,186 ,135 ,144 ,181 ,110 ,183 ,  3 ,110 , 40 ,117 ,170 ,151 ,142 ,  4 ,200 ,181 , 90 ,183 , 37 , 12 , 17 ,200 ,141 ,195 , 71 , 23 , 39 , 46 , 44 , 45 , 80 , 29 , 25 , 86 ,123 , 15 ,135 , 96 , 34 ,160 ,142 , 11 ,193 , 50 , 47 , 67 , 73 ,125 ,153 , 88 ,188 ,146 , 21
 80 ,  2 ,176 ,180 , 53 , 11 ,182 ,  6 ,187 ,107 ,139 , 14 ,130 , 63 ,167 ,181 ,153 , 91 ,  4 ,  7 ,153 ,179 ,148 ,128 ,176 , 43 , 99 ,145 , 23 , 52 ,195 , 54 , 12 ,115 ,103 , 92 ,183 ,  8 , 68 ,136 , 71 ,  9 ,110 , 96 ,107 ,189 ,169 , 71 , 80 ,131 ,125 , 45 ,143 , 83 ,120 , 31 , 17 ,179 , 87 ,146 ,  7 ,154 , 77 ,179 ,191 ,133 ,  1 ,100 ,169 ,146 , 27 ,  4 ,172 , 48 ,105 , 40 , 79 , 87 ,118 ,126 ,  0 ,  8 , 11 , 15 ,128 ,  1 , 51 ,181 ,163 , 48 ,154 ,191 , 80 ,172 , 61 , 98 ,153 ,164 , 82 , 94
151 , 41 , 20 , 55 ,120 ,109 , 36 ,175 , 24 , 64 ,161 ,101 , 47 ,137 , 81 ,196 ,110 , 28 ,  0 , 46 , 42 , 49 , 69 ,138 ,128 ,168 , 76 ,  5 ,192 ,146 ,107 ,124 , 75 , 25 , 55 ,133 , 86 ,124 , 27 ,167 ,138 ,  8 ,  5 ,141 , 47 ,161 ,112 ,123 ,132 , 13 , 87 ,107 ,104 ,142 ,197 , 43 , 60 ,148 ,104 , 98 ,199 , 30 ,100 ,157 , 80 ,160 ,106 , 30 , 28 ,190 , 27 , 59 ,150 ,165 , 82 , 92 ,138 ,173 , 35 ,161 ,175 ,136 ,108 , 22 ,169 ,  7 , 61 , 58 , 93 ,194 , 64 , 74 , 85 ,140 ,150 , 39 ,157 , 57 ,199 , 42
155 ,199 ,135 ,  1 ,158 ,183 , 31 , 96 , 49 ,151 , 22 , 49 ,151 , 18 ,183 ,124 ,101 ,  8 , 68 ,141 ,153 , 99 ,  3 , 33 , 10 ,170 , 25 , 53 ,127 , 82 ,194 , 63 ,125 , 49 ,140 ,149 , 32 ,163 ,119 ,123 , 61 , 71 ,137 ,  2 ,  8 ,149 ,193 ,156 , 28 ,113 , 85 ,162 ,168 , 12 ,150 , 58 , 61 , 39 , 63 , 87 , 60 , 39 , 30 , 30 , 10 ,139 ,185 , 91 , 62 ,173 , 43 ,134 ,136 ,195 , 39 , 56 ,176 ,189 , 95 ,149 ,162 ,165 ,108 ,114 , 17 ,172 ,188 , 67 , 46 ,149 ,166 ,161 ,155 ,177 ,153 , 82 ,192 ,160 , 35 ,159
 27 , 10 , 36 , 35 , 18 ,156 ,169 , 54 ,171 , 51 ,196 ,143 , 69 ,  1 , 17 ,191 , 67 ,177 ,  0 ,177 , 19 ,137 ,187 , 44 , 20 , 41 ,197 , 41 , 11 , 48 , 52 ,127 ,105 , 25 ,195 ,109 , 88 , 74 , 22 ,116 , 68 ,159 ,149 ,128 , 88 ,138 ,178 ,188 ,170 , 71 ,  9 ,  8 , 80 , 28 , 32 ,152 ,199 ,137 ,137 , 69 , 69 , 81 ,176 ,148 , 83 ,149 ,163 ,111 ,  6 , 24 ,186 , 64 , 54 ,146 ,126 , 46 ,  9 ,160 , 38 , 83 ,124 ,102 ,121 , 92 , 22 ,138 , 84 , 30 , 12 ,110 ,129 ,129 , 62 , 47 ,  6 , 83 ,152 , 85 , 91 , 40
  2 ,121 , 16 ,192 , 35 , 13 ,152 , 53 , 57 , 37 , 74 ,182 , 20 ,124 , 22 ,133 , 20 ,168 ,174 , 70 , 12 , 56 , 43 ,134 , 80 ,152 ,180 , 61 , 32 ,100 ,111 ,  8 , 53 , 37 ,184 ,136 ,171 , 14 , 15 , 83 ,149 ,183 , 94 ,100 ,110 , 56 , 28 , 90 ,106 ,181 ,168 , 73 , 15 ,150 ,168 , 79 ,189 ,113 ,174 ,188 ,117 ,151 ,103 , 51 ,  2 ,151 , 86 ,  7 ,157 ,153 , 54 , 72 , 66 , 79 ,160 , 43 ,187 , 75 ,172 ,189 , 71 , 96 , 69 ,  9 ,179 ,175 ,  7 , 56 ,136 ,169 ,112 , 68 ,149 ,112 ,180 ,105 ,193 , 80 , 46 ,154
 70 ,115 ,124 ,139 ,  5 ,111 ,138 ,133 ,141 ,173 ,114 ,102 ,166 ,147 ,133 ,143 , 64 ,110 ,101 , 27 ,190 ,161 ,114 , 62 ,153 , 60 , 57 ,190 ,122 ,179 ,127 , 15 ,124 ,174 ,185 ,  5 ,146 ,175 ,133 , 44 ,131 , 51 , 29 ,100 ,126 , 35 , 51 ,140 ,200 ,133 ,196 , 87 , 10 ,137 ,128 ,118 , 19 , 54 ,136 ,173 , 74 ,169 , 89 ,106 ,102 ,122 , 37 , 17 ,198 , 24 , 77 , 32 ,105 ,168 ,130 , 98 , 46 ,165 , 98 , 56 ,183 ,152 , 37 , 60 , 11 ,153 ,121 ,180 ,116 , 47 ,110 ,124 , 23 ,118 , 41 ,166 , 90 ,  8 ,128 ,194
 64 ,155 , 84 ,116 ,167 , 68 , 95 , 34 ,129 ,121 , 23 , 34 , 10 ,129 ,165 , 81 , 32 , 74 , 39 , 38 , 49 , 45 , 66 ,164 , 39 , 83 , 19 ,164 , 86 , 29 ,184 ,147 ,192 ,177 ,161 ,176 , 70 , 20 , 39 , 70 , 23 ,  5 ,123 ,194 ,  2 , 45 , 95 ,105 , 31 ,150 ,135 ,141 ,104 ,112 , 46 ,167 , 96 , 10 , 81 ,181 , 47 ,105 ,166 , 87 ,101 ,128 ,  1 ,153 , 44 ,197 ,148 ,155 , 95 ,  4 ,105 , 73 , 75 ,  4 ,147 ,180 ,176 , 82 ,192 , 71 ,114 , 96 , 43 , 73 , 90 ,155 ,147 ,  1 ,101 ,140 , 62 ,150 ,173 , 88 ,151 , 52
146 , 62 ,192 ,115 ,169 ,197 ,171 ,  6 , 85 ,124 , 11 ,136 ,127 , 71 ,132 , 81 , 75 , 53 ,158 , 75 , 15 ,111 ,102 ,156 , 19 ,138 ,142 ,130 , 66 , 41 , 30 , 37 ,151 ,  5 , 56 ,117 ,173 , 16 ,147 ,146 ,116 ,101 , 75 ,126 ,109 , 80 , 91 , 45 ,191 , 42 ,112 ,169 , 49 ,172 ,135 ,169 , 67 ,  9 ,175 , 24 , 25 ,176 , 19 ,146 ,113 ,198 , 85 ,169 ,135 ,115 ,185 , 47 ,157 ,193 , 61 ,144 ,  9 , 23 ,113 ,  5 ,  2 , 56 , 57 , 63 ,108 ,122 ,120 ,113 , 17 ,175 ,109 ,125 ,  9 ,179 ,148 , 19 ,162 ,  2 ,186 ,166
148 , 27 ,111 ,138 , 96 ,153 , 73 , 45 ,132 ,106 ,101 , 51 , 36 ,153 , 15 ,105 , 84 ,186 , 94 ,195 , 98 ,116 ,114 ,166 , 49 ,168 ,192 ,126 , 14 ,138 ,192 ,105 , 34 , 91 ,172 , 80 ,172 , 29 ,182 ,115 , 31 ,159 ,184 ,193 , 32 , 62 ,105 ,135 , 92 ,139 , 79 , 71 ,184 , 71 , 65 , 35 ,  0 , 93 ,149 ,123 ,  3 , 40 , 48 , 17 , 39 ,135 , 49 ,121 ,190 ,180 ,120 , 63 , 69 ,114 , 12 , 94 ,124 , 61 ,196 ,165 ,  5 ,167 ,166 , 36 ,  9 ,147 ,112 , 94 , 83 , 43 , 31 , 10 , 61 , 24 ,147 , 89 ,144 ,150 ,  6 ,197
 49 ,  5 ,160 , 45 ,187 ,104 ,182 , 66 , 71 ,116 ,136 , 17 , 58 , 16 , 31 ,117 , 66 , 48 ,  8 , 85 ,171 , 98 , 43 ,135 ,116 ,185 ,115 ,165 , 72 ,152 ,139 , 24 , 42 , 83 , 18 , 51 ,185 , 86 , 30 , 62 , 78 ,130 ,  3 ,110 ,107 ,167 ,159 , 19 ,186 ,175 ,184 , 52 ,  1 ,110 ,119 ,  6 , 47 ,151 ,199 , 55 ,149 ,183 ,102 ,177 , 28 ,  7 ,160 ,173 ,  0 ,188 ,164 , 75 ,166 ,182 ,161 ,160 ,  0 ,183 , 25 ,167 , 36 ,178 , 76 , 45 , 31 ,149 ,188 ,167 ,178 , 65 ,119 ,181 ,146 , 83 , 87 ,122 , 79 ,134 , 65 ,195
149 , 52 , 25 ,194 , 28 , 57 ,187 , 35 , 82 ,180 , 80 , 78 ,135 ,152 ,116 ,170 , 67 ,126 ,137 , 95 ,125 , 67 ,177 ,148 , 26 , 76 ,129 ,154 ,138 , 46 , 90 , 75 ,193 ,180 ,  4 , 63 , 48 , 13 , 71 ,111 , 28 , 75 ,104 ,153 ,165 ,194 ,134 ,196 ,152 , 64 ,137 ,  6 , 42 ,160 ,148 ,133 ,135 , 39 , 80 ,170 ,200 ,105 , 53 ,134 , 57 , 97 , 88 , 37 , 37 ,193 ,  1 , 15 , 53 ,196 ,124 ,154 , 19 ,192 ,154 ,192 ,195 ,100 , 35 ,171 , 13 , 40 ,148 , 74 ,153 ,159 ,162 ,200 ,181 ,186 , 61 ,  3 ,155 ,136 ,120 ,116
 63 , 52 ,  7 , 12 ,108 , 36 ,161 ,101 , 93 , 65 ,129 ,183 , 49 , 86 , 83 , 71 , 29 ,146 , 60 ,110 ,152 , 96 , 78 , 54 ,126 , 89 ,146 , 59 ,145 ,107 ,136 , 55 , 40 , 53 , 62 ,112 ,159 ,144 , 64 , 48 ,113 ,167 ,111 ,143 ,121 ,128 , 38 ,192 , 96 ,156 ,116 , 50 ,123 , 28 , 40 ,143 ,117 , 59 ,110 , 77 ,  1 ,123 ,136 , 17 ,148 , 15 , 93 , 77 ,166 , 28 ,132 , 66 ,144 ,170 ,105 ,  2 , 62 , 27 ,140 , 74 , 22 , 16 , 41 ,124 ,149 , 41 ,171 , 47 ,188 ,111 , 35 ,180 ,191 ,128 ,  0 , 91 , 65 , 55 , 80 ,192
 71 , 95 ,130 , 24 , 44 ,195 , 54 ,103 ,116 , 82 ,156 , 93 ,108 , 46 , 76 , 36 , 82 ,194 , 66 , 92 , 19 ,105 ,111 ,138 ,136 , 62 ,133 ,  3 , 10 ,  5 ,131 ,140 ,198 ,190 , 60 , 68 , 60 ,149 ,123 , 49 ,169 , 89 ,192 , 90 ,181 , 35 ,  5 , 10 ,148 , 44 ,138 , 40 , 57 , 29 , 36 , 21 ,138 , 40 ,138 ,139 ,119 , 10 , 37 ,120 ,146 , 89 ,171 ,173 ,150 ,129 , 96 ,178 ,  7 ,170 ,185 , 24 , 17 ,  8 ,187 , 19 ,156 ,171 , 55 ,  1 , 42 , 42 , 87 ,182 , 53 ,132 ,172 ,  1 , 55 ,181 ,190 , 18 ,119 ,112 , 96 , 85
 29 , 50 , 73 ,161 , 26 ,149 ,182 ,180 ,168 ,102 ,  7 ,154 ,114 , 33 ,145 ,117 , 12 ,  8 , 95 , 50 ,153 , 53 ,161 , 84 ,107 ,149 ,129 , 35 , 42 ,179 , 30 ,162 , 92 , 39 ,187 ,  6 , 55 , 10 ,199 ,115 ,140 , 49 , 96 ,164 , 45 , 90 ,193 ,151 ,114 ,124 , 71 , 40 , 25 ,  3 , 22 ,103 , 36 , 93 ,100 , 67 , 34 , 68 , 28 ,120 , 54 ,100 ,115 , 90 , 92 , 95 , 33 ,165 , 10 ,145 , 87 , 28 , 41 , 91 , 39 , 17 ,105 ,160 , 63 ,177 ,147 , 58 ,177 ,191 , 18 ,114 ,  4 , 53 ,107 ,144 ,130 ,164 , 77 ,165 , 53 ,164
 14 , 46 , 49 ,184 ,109 , 38 , 42 , 51 ,100 ,122 ,151 ,159 , 25 ,110 , 45 ,184 , 10 ,  9 ,  2 , 35 ,163 ,171 , 88 , 53 ,190 ,177 ,116 , 92 , 39 , 80 , 43 ,  4 , 88 , 13 ,111 , 73 ,106 , 63 , 72 ,  3 ,166 ,189 ,162 , 49 ,144 ,156 ,191 ,154 ,147 , 80 , 39 , 17 ,152 , 59 ,102 ,163 ,141 , 25 , 22 , 25 , 17 , 74 , 18 , 36 ,186 ,108 , 36 ,132 ,  5 , 24 ,164 ,  8 , 61 ,194 ,154 , 13 ,188 , 50 ,188 , 98 ,156 , 84 ,184 ,139 ,188 , 55 ,193 , 87 ,153 ,120 ,171 , 97 ,172 ,125 ,173 ,133 ,143 ,190 , 60 , 83
119 ,164 ,187 ,130 ,196 , 30 , 27 ,143 ,141 ,184 ,166 , 60 ,104 ,116 , 85 ,149 ,109 ,126 , 99 , 76 , 82 ,173 ,112 ,134 , 15 ,101 ,  3 ,109 , 28 ,198 , 12 , 30 , 51 , 13 , 83 ,140 , 58 , 19 ,182 ,104 , 71 , 37 ,146 , 89 ,159 ,  3 , 84 ,106 , 93 , 91 ,177 ,197 , 29 , 60 ,157 ,182 , 40 ,171 , 54 ,  8 , 36 ,117 , 33 , 82 ,177 ,105 , 79 ,117 , 88 , 57 ,176 ,145 ,185 ,147 , 38 ,173 ,  8 ,121 , 55 ,158 ,144 ,146 , 35 ,126 ,115 ,140 ,189 , 65 , 11 ,145 ,156 ,  1 ,195 ,100 ,108 , 25 ,  9 ,164 ,137 ,133
 69 ,118 ,133 , 98 , 11 ,118 ,128 , 39 ,  6 ,184 ,115 , 50 ,122 , 29 ,180 ,168 , 63 ,162 ,170 , 53 ,100 , 50 ,176 ,155 ,146 ,101 ,142 ,154 ,107 ,189 ,156 ,  0 , 24 , 96 , 14 , 50 , 49 , 71 ,  9 ,  1 ,133 , 58 ,129 , 22 ,123 ,149 ,185 ,  4 , 66 ,187 , 46 ,  4 ,144 ,124 , 95 , 58 , 62 ,  7 ,196 , 71 , 29 ,112 ,164 ,174 ,175 , 24 , 94 , 51 , 93 , 27 ,134 ,117 , 24 , 34 , 90 ,125 ,154 , 31 , 40 , 89 ,104 ,185 ,153 ,170 ,  4 ,123 , 58 ,103 ,181 ,192 , 10 ,119 , 51 ,147 , 13 ,140 , 73 , 28 ,123 ,156
 96 ,151 ,192 , 35 ,105 , 83 , 69 , 55 , 84 ,196 , 90 ,164 , 92 ,140 , 87 , 36 ,111 ,135 ,150 , 68 , 78 ,106 , 58 , 89 ,  8 , 83 , 34 , 83 ,199 , 55 , 28 ,118 ,  6 ,107 , 80 ,193 ,191 , 55 ,168 ,  1 ,119 ,135 ,161 ,184 ,155 , 14 , 93 , 21 , 91 , 28 ,162 ,147 ,140 , 96 ,152 , 95 , 55 , 32 , 10 ,  3 ,124 ,  4 , 54 ,157 ,176 ,181 , 28 , 87 , 65 ,156 ,148 , 89 , 76 , 99 ,174 , 99 ,103 , 25 ,122 ,109 ,  1 , 44 ,158 , 75 ,190 , 15 ,189 , 29 , 62 , 75 ,196 , 40 ,178 ,195 ,199 ,195 , 45 , 49 ,193 ,102
 63 ,132 ,  8 , 59 ,110 , 72 , 95 , 17 , 56 ,127 , 10 ,  7 , 82 ,177 ,195 , 66 , 27 , 83 ,  8 ,157 , 24 , 56 ,145 ,114 , 73 ,172 ,120 ,158 ,  0 ,125 , 54 ,171 , 76 , 86 ,134 , 53 , 28 , 23 , 89 , 31 ,100 , 49 , 48 , 63 ,167 ,136 ,199 ,107 , 83 , 55 ,103 ,151 ,142 , 28 ,154 , 81 , 69 ,157 ,140 ,155 ,197 , 27 ,180 ,  0 ,177 ,189 , 58 , 58 , 36 , 46 ,133 ,144 ,195 , 35 ,  0 , 31 , 67 ,113 ,181 ,111 , 22 ,157 , 21 , 46 ,  1 ,165 , 59 ,  8 , 82 ,112 , 71 , 26 , 17 , 45 ,107 ,175 , 51 ,148 ,167 , 32
142 ,112 ,  3 , 79 ,143 ,163 ,190 , 88 , 85 ,188 , 63 ,200 , 58 ,167 ,109 , 99 ,164 , 73 ,114 , 43 ,118 , 93 , 42 ,199 ,  0 ,194 ,108 ,182 , 72 , 47 , 16 ,183 , 14 , 20 ,162 , 35 ,189 , 40 , 27 , 29 , 29 ,112 ,176 ,129 ,163 , 26 ,169 , 50 ,104 , 80 ,  0 ,141 ,190 , 67 ,160 ,194 , 11 , 55 , 32 , 27 , 83 , 48 , 34 , 31 , 54 , 40 , 48 ,187 ,137 ,137 ,  2 ,183 , 58 ,149 , 33 ,123 , 98 , 79 ,  3 , 60 ,148 , 60 , 54 , 82 , 62 ,  0 , 37 ,112 ,118 ,  3 , 65 ,168 , 35 ,196 ,  2 , 28 , 32 ,155 , 81 ,106
 44 , 39 , 38 ,126 ,143 , 83 ,167 ,194 ,136 , 49 , 76 ,176 ,177 ,123 ,193 ,119 ,187 , 69 ,190 ,189 ,177 , 35 ,170 , 52 ,105 ,141 ,116 ,115 ,142 ,138 , 83 ,149 ,169 , 28 ,117 ,123 ,134 ,192 ,167 ,200 ,156 , 32 ,140 ,113 ,126 , 30 , 75 ,173 , 94 ,151 , 56 ,142 ,181 ,  3 ,148 , 52 , 33 , 92 , 91 , 30 ,114 ,186 ,194 ,122 ,194 ,117 , 92 ,142 , 68 , 48 , 92 ,  3 ,139 ,137 , 45 ,112 ,182 , 99 ,159 , 19 ,173 ,139 , 82 , 52 , 43 ,145 ,194 ,144 ,115 ,171 , 82 , 53 , 71 , 42 ,152 ,103 , 42 , 64 , 63 , 70